year,period,periodName,date,series,value,md_rate,mn_rate
2023,M11,November,2023-11-01,ldl,1527,1747,1713.64
2023,M11,November,2023-11-01,ldr,1,1.2,1.17
2023,M11,November,2023-11-01,ql,3471,3253,3319.09
2023,M11,November,2023-11-01,qr,2.2,2.2,2.25
2023,M11,November,2023-11-01,hl,5465,5494,5629.18
2023,M11,November,2023-11-01,hr,3.5,3.8,3.85
2023,M11,November,2023-11-01,tsl,5340,5340,5387
2023,M11,November,2023-11-01,tsr,3.4,3.6,3.66
2023,M11,November,2023-11-01,jol,8790,6875,7188
2023,M11,November,2023-11-01,jor,5.3,4.4,4.61
2023,M10,October,2023-10-01,ldl,1643,1711,1700.09
2023,M10,October,2023-10-01,ldr,1,1.2,1.15
2023,M10,October,2023-10-01,ql,3628,3304,3295.18
2023,M10,October,2023-10-01,qr,2.3,2.3,2.23
2023,M10,October,2023-10-01,hl,5828,5805,5660.36
2023,M10,October,2023-10-01,hr,3.7,3.8,3.85
2023,M10,October,2023-10-01,tsl,5632,5397,5346.64
2023,M10,October,2023-10-01,tsr,3.6,3.7,3.64
2023,M10,October,2023-10-01,jol,8852,6820,7195.09
2023,M10,October,2023-10-01,jor,5.3,4.6,4.64
2023,M09,September,2023-09-01,ldl,1610,1718,1699.64
2023,M09,September,2023-09-01,ldr,1,1.2,1.16
2023,M09,September,2023-09-01,ql,3646,3190,3278.73
2023,M09,September,2023-09-01,qr,2.3,2.2,2.24
2023,M09,September,2023-09-01,hl,5904,5625,5656.73
2023,M09,September,2023-09-01,hr,3.8,3.8,3.87
2023,M09,September,2023-09-01,tsl,5595,5289,5324.45
2023,M09,September,2023-09-01,tsr,3.6,3.6,3.64
2023,M09,September,2023-09-01,jol,9350,6512,7171.55
2023,M09,September,2023-09-01,jor,5.6,4.4,4.61
2023,M08,August,2023-08-01,ldl,1682,1773,1714.45
2023,M08,August,2023-08-01,ldr,1.1,1.2,1.17
2023,M08,August,2023-08-01,ql,3663,3103,3252.91
2023,M08,August,2023-08-01,qr,2.3,2.1,2.21
2023,M08,August,2023-08-01,hl,5850,5815,5632.64
2023,M08,August,2023-08-01,hr,3.7,3.8,3.85
2023,M08,August,2023-08-01,tsl,5687,5334,5319
2023,M08,August,2023-08-01,tsr,3.6,3.6,3.63
2023,M08,August,2023-08-01,jol,9497,6360,7113.55
2023,M08,August,2023-08-01,jor,5.7,4.3,4.58
2023,M07,July,2023-07-01,ldl,1681,1759,1722.45
2023,M07,July,2023-07-01,ldr,1.1,1.2,1.19
2023,M07,July,2023-07-01,ql,3619,3097,3234.18
2023,M07,July,2023-07-01,qr,2.3,2.2,2.21
2023,M07,July,2023-07-01,hl,5822,5649,5649.91
2023,M07,July,2023-07-01,hr,3.7,3.8,3.86
2023,M07,July,2023-07-01,tsl,5638,5338,5302.73
2023,M07,July,2023-07-01,tsr,3.6,3.6,3.61
2023,M07,July,2023-07-01,jol,8920,6514,7174.91
2023,M07,July,2023-07-01,jor,5.4,4.5,4.65
2023,M06,June,2023-06-01,ldl,1551,1761,1752.82
2023,M06,June,2023-06-01,ldr,1,1.2,1.21
2023,M06,June,2023-06-01,ql,3802,3154,3187.45
2023,M06,June,2023-06-01,qr,2.4,2.2,2.18
2023,M06,June,2023-06-01,hl,5940,5760,5759.36
2023,M06,June,2023-06-01,hr,3.8,3.8,3.95
2023,M06,June,2023-06-01,tsl,5691,5463,5292.73
2023,M06,June,2023-06-01,tsr,3.6,3.7,3.63
2023,M06,June,2023-06-01,jol,9165,6305,7010
2023,M06,June,2023-06-01,jor,5.5,4.3,4.55
2023,M05,May,2023-05-01,ldl,1546,1773,1724.91
2023,M05,May,2023-05-01,ldr,1,1.2,1.19
2023,M05,May,2023-05-01,ql,4067,3111,3162.64
2023,M05,May,2023-05-01,qr,2.6,2.1,2.16
2023,M05,May,2023-05-01,hl,6231,5725,5798.27
2023,M05,May,2023-05-01,hr,4,3.8,4.01
2023,M05,May,2023-05-01,tsl,5925,5270,5230.36
2023,M05,May,2023-05-01,tsr,3.8,3.6,3.62
2023,M05,May,2023-05-01,jol,9616,5826,6987.73
2023,M05,May,2023-05-01,jor,5.8,4,4.55
2023,M04,April,2023-04-01,ldl,1590,1764,2376.36
2023,M04,April,2023-04-01,ldr,1,1.2,1.71
2023,M04,April,2023-04-01,ql,3765,3028,3134.36
2023,M04,April,2023-04-01,qr,2.4,2.1,2.16
2023,M04,April,2023-04-01,hl,6101,5294,5428.18
2023,M04,April,2023-04-01,hr,3.9,3.7,3.75
2023,M04,April,2023-04-01,tsl,5660,5441,5860.18
2023,M04,April,2023-04-01,tsr,3.6,3.6,4.11
2023,M04,April,2023-04-01,jol,10320,6091,6923.91
2023,M04,April,2023-04-01,jor,6.2,4,4.52
2023,M03,March,2023-03-01,ldl,1845,1787,2759.27
2023,M03,March,2023-03-01,ldr,1.2,1.2,1.85
2023,M03,March,2023-03-01,ql,3842,3150,3193.18
2023,M03,March,2023-03-01,qr,2.5,2.2,2.18
2023,M03,March,2023-03-01,hl,6066,5395,5477.55
2023,M03,March,2023-03-01,hr,3.9,3.7,3.74
2023,M03,March,2023-03-01,tsl,5994,5494,6302.36
2023,M03,March,2023-03-01,tsr,3.9,3.7,4.29
2023,M03,March,2023-03-01,jol,9745,6129,6884.91
2023,M03,March,2023-03-01,jor,5.9,4.1,4.46
2023,M02,February,2023-02-01,ldl,1557,1757,1719.82
2023,M02,February,2023-02-01,ldr,1,1.2,1.17
2023,M02,February,2023-02-01,ql,3980,3222,3232.18
2023,M02,February,2023-02-01,qr,2.6,2.2,2.22
2023,M02,February,2023-02-01,hl,6150,5624,5575.45
2023,M02,February,2023-02-01,hr,4,3.8,3.82
2023,M02,February,2023-02-01,tsl,5841,5319,5295.18
2023,M02,February,2023-02-01,tsr,3.8,3.7,3.63
2023,M02,February,2023-02-01,jol,9974,6552,6862.73
2023,M02,February,2023-02-01,jor,6,4.2,4.44
2023,M01,January,2023-01-01,ldl,1719,1745,1725.91
2023,M01,January,2023-01-01,ldr,1.1,1.2,1.18
2023,M01,January,2023-01-01,ql,3878,3188,3187.45
2023,M01,January,2023-01-01,qr,2.5,2.2,2.17
2023,M01,January,2023-01-01,hl,6327,5512,5518.45
2023,M01,January,2023-01-01,hr,4.1,3.8,3.79
2023,M01,January,2023-01-01,tsl,5900,5288,5264.45
2023,M01,January,2023-01-01,tsr,3.8,3.6,3.63
2023,M01,January,2023-01-01,jol,10563,6621,6870
2023,M01,January,2023-01-01,jor,6.4,4.3,4.45
2022,M12,December,2022-12-01,ldl,1475,1786.5,1743.3
2022,M12,December,2022-12-01,ldr,1,1.25,1.2
2022,M12,December,2022-12-01,ql,4091,3312.5,3289.8
2022,M12,December,2022-12-01,qr,2.6,2.25,2.24
2022,M12,December,2022-12-01,hl,6251,5569,5627.2
2022,M12,December,2022-12-01,hr,4,3.9,3.85
2022,M12,December,2022-12-01,tsl,5906,5401.5,5382.7
2022,M12,December,2022-12-01,tsr,3.8,3.7,3.68
2022,M12,December,2022-12-01,jol,11234,6522.5,7150.8
2022,M12,December,2022-12-01,jor,6.8,4.15,4.6
2022,M11,November,2022-11-01,ldl,1485,1747,1713.64
2022,M11,November,2022-11-01,ldr,1,1.2,1.17
2022,M11,November,2022-11-01,ql,4148,3253,3319.09
2022,M11,November,2022-11-01,qr,2.7,2.2,2.25
2022,M11,November,2022-11-01,hl,6253,5494,5629.18
2022,M11,November,2022-11-01,hr,4.1,3.8,3.85
2022,M11,November,2022-11-01,tsl,5945,5340,5387
2022,M11,November,2022-11-01,tsr,3.9,3.6,3.66
2022,M11,November,2022-11-01,jol,10746,6875,7188
2022,M11,November,2022-11-01,jor,6.5,4.4,4.61
2022,M10,October,2022-10-01,ldl,1525,1711,1700.09
2022,M10,October,2022-10-01,ldr,1,1.2,1.15
2022,M10,October,2022-10-01,ql,4048,3304,3295.18
2022,M10,October,2022-10-01,qr,2.6,2.3,2.23
2022,M10,October,2022-10-01,hl,6164,5805,5660.36
2022,M10,October,2022-10-01,hr,4,3.8,3.85
2022,M10,October,2022-10-01,tsl,5846,5397,5346.64
2022,M10,October,2022-10-01,tsr,3.8,3.7,3.64
2022,M10,October,2022-10-01,jol,10471,6820,7195.09
2022,M10,October,2022-10-01,jor,6.4,4.6,4.64
2022,M09,September,2022-09-01,ldl,1436,1718,1699.64
2022,M09,September,2022-09-01,ldr,0.9,1.2,1.16
2022,M09,September,2022-09-01,ql,4065,3190,3278.73
2022,M09,September,2022-09-01,qr,2.6,2.2,2.24
2022,M09,September,2022-09-01,hl,6226,5625,5656.73
2022,M09,September,2022-09-01,hr,4.1,3.8,3.87
2022,M09,September,2022-09-01,tsl,5810,5289,5324.45
2022,M09,September,2022-09-01,tsr,3.8,3.6,3.64
2022,M09,September,2022-09-01,jol,10854,6512,7171.55
2022,M09,September,2022-09-01,jor,6.6,4.4,4.61
2022,M08,August,2022-08-01,ldl,1627,1773,1714.45
2022,M08,August,2022-08-01,ldr,1.1,1.2,1.17
2022,M08,August,2022-08-01,ql,4242,3103,3252.91
2022,M08,August,2022-08-01,qr,2.8,2.1,2.21
2022,M08,August,2022-08-01,hl,6478,5815,5632.64
2022,M08,August,2022-08-01,hr,4.2,3.8,3.85
2022,M08,August,2022-08-01,tsl,6244,5334,5319
2022,M08,August,2022-08-01,tsr,4.1,3.6,3.63
2022,M08,August,2022-08-01,jol,10198,6360,7113.55
2022,M08,August,2022-08-01,jor,6.2,4.3,4.58
2022,M07,July,2022-07-01,ldl,1497,1759,1722.45
2022,M07,July,2022-07-01,ldr,1,1.2,1.19
2022,M07,July,2022-07-01,ql,4016,3097,3234.18
2022,M07,July,2022-07-01,qr,2.6,2.2,2.21
2022,M07,July,2022-07-01,hl,6340,5649,5649.91
2022,M07,July,2022-07-01,hr,4.1,3.8,3.86
2022,M07,July,2022-07-01,tsl,5864,5338,5302.73
2022,M07,July,2022-07-01,tsr,3.8,3.6,3.61
2022,M07,July,2022-07-01,jol,11380,6514,7174.91
2022,M07,July,2022-07-01,jor,6.9,4.5,4.65
2022,M06,June,2022-06-01,ldl,1477,1761,1752.82
2022,M06,June,2022-06-01,ldr,1,1.2,1.21
2022,M06,June,2022-06-01,ql,4161,3154,3187.45
2022,M06,June,2022-06-01,qr,2.7,2.2,2.18
2022,M06,June,2022-06-01,hl,6448,5760,5759.36
2022,M06,June,2022-06-01,hr,4.2,3.8,3.95
2022,M06,June,2022-06-01,tsl,5991,5463,5292.73
2022,M06,June,2022-06-01,tsr,3.9,3.7,3.63
2022,M06,June,2022-06-01,jol,10961,6305,7010
2022,M06,June,2022-06-01,jor,6.7,4.3,4.55
2022,M05,May,2022-05-01,ldl,1482,1773,1724.91
2022,M05,May,2022-05-01,ldr,1,1.2,1.19
2022,M05,May,2022-05-01,ql,4208,3111,3162.64
2022,M05,May,2022-05-01,qr,2.8,2.1,2.16
2022,M05,May,2022-05-01,hl,6545,5725,5798.27
2022,M05,May,2022-05-01,hr,4.3,3.8,4.01
2022,M05,May,2022-05-01,tsl,6025,5270,5230.36
2022,M05,May,2022-05-01,tsr,4,3.6,3.62
2022,M05,May,2022-05-01,jol,11443,5826,6987.73
2022,M05,May,2022-05-01,jor,7,4,4.55
2022,M04,April,2022-04-01,ldl,1342,1764,2376.36
2022,M04,April,2022-04-01,ldr,0.9,1.2,1.71
2022,M04,April,2022-04-01,ql,4497,3028,3134.36
2022,M04,April,2022-04-01,qr,3,2.1,2.16
2022,M04,April,2022-04-01,hl,6572,5294,5428.18
2022,M04,April,2022-04-01,hr,4.3,3.7,3.75
2022,M04,April,2022-04-01,tsl,6175,5441,5860.18
2022,M04,April,2022-04-01,tsr,4.1,3.6,4.11
2022,M04,April,2022-04-01,jol,11755,6091,6923.91
2022,M04,April,2022-04-01,jor,7.2,4,4.52
2022,M03,March,2022-03-01,ldl,1395,1787,2759.27
2022,M03,March,2022-03-01,ldr,0.9,1.2,1.85
2022,M03,March,2022-03-01,ql,4452,3150,3193.18
2022,M03,March,2022-03-01,qr,2.9,2.2,2.18
2022,M03,March,2022-03-01,hl,6577,5395,5477.55
2022,M03,March,2022-03-01,hr,4.3,3.7,3.74
2022,M03,March,2022-03-01,tsl,6194,5494,6302.36
2022,M03,March,2022-03-01,tsr,4.1,3.7,4.29
2022,M03,March,2022-03-01,jol,12027,6129,6884.91
2022,M03,March,2022-03-01,jor,7.4,4.1,4.46
2022,M02,February,2022-02-01,ldl,1423,1757,1719.82
2022,M02,February,2022-02-01,ldr,0.9,1.2,1.17
2022,M02,February,2022-02-01,ql,4313,3222,3232.18
2022,M02,February,2022-02-01,qr,2.9,2.2,2.22
2022,M02,February,2022-02-01,hl,6800,5624,5575.45
2022,M02,February,2022-02-01,hr,4.5,3.8,3.82
2022,M02,February,2022-02-01,tsl,6071,5319,5295.18
2022,M02,February,2022-02-01,tsr,4,3.7,3.63
2022,M02,February,2022-02-01,jol,11601,6552,6862.73
2022,M02,February,2022-02-01,jor,7.1,4.2,4.44
2022,M01,January,2022-01-01,ldl,1425,1745,1725.91
2022,M01,January,2022-01-01,ldr,0.9,1.2,1.18
2022,M01,January,2022-01-01,ql,4391,3188,3187.45
2022,M01,January,2022-01-01,qr,2.9,2.2,2.17
2022,M01,January,2022-01-01,hl,6496,5512,5518.45
2022,M01,January,2022-01-01,hr,4.3,3.8,3.79
2022,M01,January,2022-01-01,tsl,6235,5288,5264.45
2022,M01,January,2022-01-01,tsr,4.2,3.6,3.63
2022,M01,January,2022-01-01,jol,11487,6621,6870
2022,M01,January,2022-01-01,jor,7.1,4.3,4.45
2021,M12,December,2021-12-01,ldl,1398,1786.5,1743.3
2021,M12,December,2021-12-01,ldr,0.9,1.25,1.2
2021,M12,December,2021-12-01,ql,4355,3312.5,3289.8
2021,M12,December,2021-12-01,qr,2.9,2.25,2.24
2021,M12,December,2021-12-01,hl,6632,5569,5627.2
2021,M12,December,2021-12-01,hr,4.4,3.9,3.85
2021,M12,December,2021-12-01,tsl,6131,5401.5,5382.7
2021,M12,December,2021-12-01,tsr,4.1,3.7,3.68
2021,M12,December,2021-12-01,jol,11826,6522.5,7150.8
2021,M12,December,2021-12-01,jor,7.3,4.15,4.6
2021,M11,November,2021-11-01,ldl,1345,1747,1713.64
2021,M11,November,2021-11-01,ldr,0.9,1.2,1.17
2021,M11,November,2021-11-01,ql,4501,3253,3319.09
2021,M11,November,2021-11-01,qr,3,2.2,2.25
2021,M11,November,2021-11-01,hl,6843,5494,5629.18
2021,M11,November,2021-11-01,hr,4.6,3.8,3.85
2021,M11,November,2021-11-01,tsl,6227,5340,5387
2021,M11,November,2021-11-01,tsr,4.2,3.6,3.66
2021,M11,November,2021-11-01,jol,11232,6875,7188
2021,M11,November,2021-11-01,jor,7,4.4,4.61
2021,M10,October,2021-10-01,ldl,1343,1711,1700.09
2021,M10,October,2021-10-01,ldr,0.9,1.2,1.15
2021,M10,October,2021-10-01,ql,4189,3304,3295.18
2021,M10,October,2021-10-01,qr,2.8,2.3,2.23
2021,M10,October,2021-10-01,hl,6667,5805,5660.36
2021,M10,October,2021-10-01,hr,4.5,3.8,3.85
2021,M10,October,2021-10-01,tsl,5927,5397,5346.64
2021,M10,October,2021-10-01,tsr,4,3.7,3.64
2021,M10,October,2021-10-01,jol,11368,6820,7195.09
2021,M10,October,2021-10-01,jor,7.1,4.6,4.64
2021,M09,September,2021-09-01,ldl,1408,1718,1699.64
2021,M09,September,2021-09-01,ldr,1,1.2,1.16
2021,M09,September,2021-09-01,ql,4307,3190,3278.73
2021,M09,September,2021-09-01,qr,2.9,2.2,2.24
2021,M09,September,2021-09-01,hl,6629,5625,5656.73
2021,M09,September,2021-09-01,hr,4.5,3.8,3.87
2021,M09,September,2021-09-01,tsl,6067,5289,5324.45
2021,M09,September,2021-09-01,tsr,4.1,3.6,3.64
2021,M09,September,2021-09-01,jol,10882,6512,7171.55
2021,M09,September,2021-09-01,jor,6.9,4.4,4.61
2021,M08,August,2021-08-01,ldl,1338,1773,1714.45
2021,M08,August,2021-08-01,ldr,0.9,1.2,1.17
2021,M08,August,2021-08-01,ql,4126,3103,3252.91
2021,M08,August,2021-08-01,qr,2.8,2.1,2.21
2021,M08,August,2021-08-01,hl,6415,5815,5632.64
2021,M08,August,2021-08-01,hr,4.4,3.8,3.85
2021,M08,August,2021-08-01,tsl,5839,5334,5319
2021,M08,August,2021-08-01,tsr,4,3.6,3.63
2021,M08,August,2021-08-01,jol,10960,6360,7113.55
2021,M08,August,2021-08-01,jor,6.9,4.3,4.58
2021,M07,July,2021-07-01,ldl,1418,1759,1722.45
2021,M07,July,2021-07-01,ldr,1,1.2,1.19
2021,M07,July,2021-07-01,ql,4079,3097,3234.18
2021,M07,July,2021-07-01,qr,2.8,2.2,2.21
2021,M07,July,2021-07-01,hl,6555,5649,5649.91
2021,M07,July,2021-07-01,hr,4.5,3.8,3.86
2021,M07,July,2021-07-01,tsl,5841,5338,5302.73
2021,M07,July,2021-07-01,tsr,4,3.6,3.61
2021,M07,July,2021-07-01,jol,10882,6514,7174.91
2021,M07,July,2021-07-01,jor,6.9,4.5,4.65
2021,M06,June,2021-06-01,ldl,1329,1761,1752.82
2021,M06,June,2021-06-01,ldr,0.9,1.2,1.21
2021,M06,June,2021-06-01,ql,4015,3154,3187.45
2021,M06,June,2021-06-01,qr,2.8,2.2,2.18
2021,M06,June,2021-06-01,hl,6543,5760,5759.36
2021,M06,June,2021-06-01,hr,4.5,3.8,3.95
2021,M06,June,2021-06-01,tsl,5737,5463,5292.73
2021,M06,June,2021-06-01,tsr,3.9,3.7,3.63
2021,M06,June,2021-06-01,jol,10069,6305,7010
2021,M06,June,2021-06-01,jor,6.5,4.3,4.55
2021,M05,May,2021-05-01,ldl,1345,1773,1724.91
2021,M05,May,2021-05-01,ldr,0.9,1.2,1.19
2021,M05,May,2021-05-01,ql,3824,3111,3162.64
2021,M05,May,2021-05-01,qr,2.6,2.1,2.16
2021,M05,May,2021-05-01,hl,6036,5725,5798.27
2021,M05,May,2021-05-01,hr,4.2,3.8,4.01
2021,M05,May,2021-05-01,tsl,5508,5270,5230.36
2021,M05,May,2021-05-01,tsr,3.8,3.6,3.62
2021,M05,May,2021-05-01,jol,9840,5826,6987.73
2021,M05,May,2021-05-01,jor,6.4,4,4.55
2021,M04,April,2021-04-01,ldl,1422,1764,2376.36
2021,M04,April,2021-04-01,ldr,1,1.2,1.71
2021,M04,April,2021-04-01,ql,3929,3028,3134.36
2021,M04,April,2021-04-01,qr,2.7,2.1,2.16
2021,M04,April,2021-04-01,hl,6170,5294,5428.18
2021,M04,April,2021-04-01,hr,4.3,3.7,3.75
2021,M04,April,2021-04-01,tsl,5714,5441,5860.18
2021,M04,April,2021-04-01,tsr,4,3.6,4.11
2021,M04,April,2021-04-01,jol,9288,6091,6923.91
2021,M04,April,2021-04-01,jor,6,4,4.52
2021,M03,March,2021-03-01,ldl,1514,1787,2759.27
2021,M03,March,2021-03-01,ldr,1,1.2,1.85
2021,M03,March,2021-03-01,ql,3654,3150,3193.18
2021,M03,March,2021-03-01,qr,2.5,2.2,2.18
2021,M03,March,2021-03-01,hl,6105,5395,5477.55
2021,M03,March,2021-03-01,hr,4.2,3.7,3.74
2021,M03,March,2021-03-01,tsl,5494,5494,6302.36
2021,M03,March,2021-03-01,tsr,3.8,3.7,4.29
2021,M03,March,2021-03-01,jol,8399,6129,6884.91
2021,M03,March,2021-03-01,jor,5.5,4.1,4.46
2021,M02,February,2021-02-01,ldl,1629,1757,1719.82
2021,M02,February,2021-02-01,ldr,1.1,1.2,1.17
2021,M02,February,2021-02-01,ql,3435,3222,3232.18
2021,M02,February,2021-02-01,qr,2.4,2.2,2.22
2021,M02,February,2021-02-01,hl,5864,5624,5575.45
2021,M02,February,2021-02-01,hr,4.1,3.8,3.82
2021,M02,February,2021-02-01,tsl,5382,5319,5295.18
2021,M02,February,2021-02-01,tsr,3.7,3.7,3.63
2021,M02,February,2021-02-01,jol,7760,6552,6862.73
2021,M02,February,2021-02-01,jor,5.1,4.2,4.44
2021,M01,January,2021-01-01,ldl,1578,1745,1725.91
2021,M01,January,2021-01-01,ldr,1.1,1.2,1.18
2021,M01,January,2021-01-01,ql,3299,3188,3187.45
2021,M01,January,2021-01-01,qr,2.3,2.2,2.17
2021,M01,January,2021-01-01,hl,5647,5512,5518.45
2021,M01,January,2021-01-01,hr,4,3.8,3.79
2021,M01,January,2021-01-01,tsl,5164,5288,5264.45
2021,M01,January,2021-01-01,tsr,3.6,3.6,3.63
2021,M01,January,2021-01-01,jol,7175,6621,6870
2021,M01,January,2021-01-01,jor,4.8,4.3,4.45
2020,M12,December,2020-12-01,ldl,1912,1786.5,1743.3
2020,M12,December,2020-12-01,ldr,1.3,1.25,1.2
2020,M12,December,2020-12-01,ql,3403,3312.5,3289.8
2020,M12,December,2020-12-01,qr,2.4,2.25,2.24
2020,M12,December,2020-12-01,hl,5598,5569,5627.2
2020,M12,December,2020-12-01,hr,3.9,3.9,3.85
2020,M12,December,2020-12-01,tsl,5644,5401.5,5382.7
2020,M12,December,2020-12-01,tsr,4,3.7,3.68
2020,M12,December,2020-12-01,jol,6854,6522.5,7150.8
2020,M12,December,2020-12-01,jor,4.6,4.15,4.6
2020,M11,November,2020-11-01,ldl,2138,1747,1713.64
2020,M11,November,2020-11-01,ldr,1.5,1.2,1.17
2020,M11,November,2020-11-01,ql,3253,3253,3319.09
2020,M11,November,2020-11-01,qr,2.3,2.2,2.25
2020,M11,November,2020-11-01,hl,5906,5494,5629.18
2020,M11,November,2020-11-01,hr,4.1,3.8,3.85
2020,M11,November,2020-11-01,tsl,5718,5340,5387
2020,M11,November,2020-11-01,tsr,4,3.6,3.66
2020,M11,November,2020-11-01,jol,6875,6875,7188
2020,M11,November,2020-11-01,jor,4.6,4.4,4.61
2020,M10,October,2020-10-01,ldl,1711,1711,1700.09
2020,M10,October,2020-10-01,ldr,1.2,1.2,1.15
2020,M10,October,2020-10-01,ql,3304,3304,3295.18
2020,M10,October,2020-10-01,qr,2.3,2.3,2.23
2020,M10,October,2020-10-01,hl,6135,5805,5660.36
2020,M10,October,2020-10-01,hr,4.3,3.8,3.85
2020,M10,October,2020-10-01,tsl,5362,5397,5346.64
2020,M10,October,2020-10-01,tsr,3.8,3.7,3.64
2020,M10,October,2020-10-01,jol,6820,6820,7195.09
2020,M10,October,2020-10-01,jor,4.6,4.6,4.64
2020,M09,September,2020-09-01,ldl,1578,1718,1699.64
2020,M09,September,2020-09-01,ldr,1.1,1.2,1.16
2020,M09,September,2020-09-01,ql,3173,3190,3278.73
2020,M09,September,2020-09-01,qr,2.2,2.2,2.24
2020,M09,September,2020-09-01,hl,5949,5625,5656.73
2020,M09,September,2020-09-01,hr,4.2,3.8,3.87
2020,M09,September,2020-09-01,tsl,5118,5289,5324.45
2020,M09,September,2020-09-01,tsr,3.6,3.6,3.64
2020,M09,September,2020-09-01,jol,6512,6512,7171.55
2020,M09,September,2020-09-01,jor,4.4,4.4,4.61
2020,M08,August,2020-08-01,ldl,1593,1773,1714.45
2020,M08,August,2020-08-01,ldr,1.1,1.2,1.17
2020,M08,August,2020-08-01,ql,2954,3103,3252.91
2020,M08,August,2020-08-01,qr,2.1,2.1,2.21
2020,M08,August,2020-08-01,hl,5938,5815,5632.64
2020,M08,August,2020-08-01,hr,4.2,3.8,3.85
2020,M08,August,2020-08-01,tsl,4879,5334,5319
2020,M08,August,2020-08-01,tsr,3.5,3.6,3.63
2020,M08,August,2020-08-01,jol,6360,6360,7113.55
2020,M08,August,2020-08-01,jor,4.3,4.3,4.58
2020,M07,July,2020-07-01,ldl,1848,1759,1722.45
2020,M07,July,2020-07-01,ldr,1.3,1.2,1.19
2020,M07,July,2020-07-01,ql,2998,3097,3234.18
2020,M07,July,2020-07-01,qr,2.2,2.2,2.21
2020,M07,July,2020-07-01,hl,6255,5649,5649.91
2020,M07,July,2020-07-01,hr,4.5,3.8,3.86
2020,M07,July,2020-07-01,tsl,5195,5338,5302.73
2020,M07,July,2020-07-01,tsr,3.7,3.6,3.61
2020,M07,July,2020-07-01,jol,6514,6514,7174.91
2020,M07,July,2020-07-01,jor,4.5,4.5,4.65
2020,M06,June,2020-06-01,ldl,2269,1761,1752.82
2020,M06,June,2020-06-01,ldr,1.6,1.2,1.21
2020,M06,June,2020-06-01,ql,2571,3154,3187.45
2020,M06,June,2020-06-01,qr,1.9,2.2,2.18
2020,M06,June,2020-06-01,hl,7488,5760,5759.36
2020,M06,June,2020-06-01,hr,5.4,3.8,3.95
2020,M06,June,2020-06-01,tsl,5171,5463,5292.73
2020,M06,June,2020-06-01,tsr,3.8,3.7,3.63
2020,M06,June,2020-06-01,jol,6119,6305,7010
2020,M06,June,2020-06-01,jor,4.3,4.3,4.55
2020,M05,May,2020-05-01,ldl,2177,1773,1724.91
2020,M05,May,2020-05-01,ldr,1.6,1.2,1.19
2020,M05,May,2020-05-01,ql,2265,3111,3162.64
2020,M05,May,2020-05-01,qr,1.7,2.1,2.16
2020,M05,May,2020-05-01,hl,8098,5725,5798.27
2020,M05,May,2020-05-01,hr,6.1,3.8,4.01
2020,M05,May,2020-05-01,tsl,4757,5270,5230.36
2020,M05,May,2020-05-01,tsr,3.6,3.6,3.62
2020,M05,May,2020-05-01,jol,5581,5826,6987.73
2020,M05,May,2020-05-01,jor,4,4,4.55
2020,M04,April,2020-04-01,ldl,9203,1764,2376.36
2020,M04,April,2020-04-01,ldr,7.1,1.2,1.71
2020,M04,April,2020-04-01,ql,1971,3028,3134.36
2020,M04,April,2020-04-01,qr,1.5,2.1,2.16
2020,M04,April,2020-04-01,hl,4052,5294,5428.18
2020,M04,April,2020-04-01,hr,3.1,3.7,3.75
2020,M04,April,2020-04-01,tsl,11542,5441,5860.18
2020,M04,April,2020-04-01,tsr,8.8,3.6,4.11
2020,M04,April,2020-04-01,jol,4686,6091,6923.91
2020,M04,April,2020-04-01,jor,3.5,4,4.52
2020,M03,March,2020-03-01,ldl,13036,1787,2759.27
2020,M03,March,2020-03-01,ldr,8.6,1.2,1.85
2020,M03,March,2020-03-01,ql,2926,3150,3193.18
2020,M03,March,2020-03-01,qr,1.9,2.2,2.18
2020,M03,March,2020-03-01,hl,5172,5395,5477.55
2020,M03,March,2020-03-01,hr,3.4,3.7,3.74
2020,M03,March,2020-03-01,tsl,16313,5494,6302.36
2020,M03,March,2020-03-01,tsr,10.8,3.7,4.29
2020,M03,March,2020-03-01,jol,5794,6129,6884.91
2020,M03,March,2020-03-01,jor,3.7,4.1,4.46
2020,M02,February,2020-02-01,ldl,1968,1757,1719.82
2020,M02,February,2020-02-01,ldr,1.3,1.2,1.17
2020,M02,February,2020-02-01,ql,3491,3222,3232.18
2020,M02,February,2020-02-01,qr,2.3,2.2,2.22
2020,M02,February,2020-02-01,hl,5998,5624,5575.45
2020,M02,February,2020-02-01,hr,3.9,3.8,3.82
2020,M02,February,2020-02-01,tsl,5779,5319,5295.18
2020,M02,February,2020-02-01,tsr,3.8,3.7,3.63
2020,M02,February,2020-02-01,jol,6995,6552,6862.73
2020,M02,February,2020-02-01,jor,4.4,4.2,4.44
2020,M01,January,2020-01-01,ldl,1800,1745,1725.91
2020,M01,January,2020-01-01,ldr,1.2,1.2,1.18
2020,M01,January,2020-01-01,ql,3554,3188,3187.45
2020,M01,January,2020-01-01,qr,2.3,2.2,2.17
2020,M01,January,2020-01-01,hl,6014,5512,5518.45
2020,M01,January,2020-01-01,hr,4,3.8,3.79
2020,M01,January,2020-01-01,tsl,5714,5288,5264.45
2020,M01,January,2020-01-01,tsr,3.8,3.6,3.63
2020,M01,January,2020-01-01,jol,7184,6621,6870
2020,M01,January,2020-01-01,jor,4.5,4.3,4.45
2019,M12,December,2019-12-01,ldl,1939,1786.5,1743.3
2019,M12,December,2019-12-01,ldr,1.3,1.25,1.2
2019,M12,December,2019-12-01,ql,3536,3312.5,3289.8
2019,M12,December,2019-12-01,qr,2.3,2.25,2.24
2019,M12,December,2019-12-01,hl,5913,5569,5627.2
2019,M12,December,2019-12-01,hr,3.9,3.9,3.85
2019,M12,December,2019-12-01,tsl,5828,5401.5,5382.7
2019,M12,December,2019-12-01,tsr,3.8,3.7,3.68
2019,M12,December,2019-12-01,jol,6709,6522.5,7150.8
2019,M12,December,2019-12-01,jor,4.2,4.15,4.6
2019,M11,November,2019-11-01,ldl,1784,1747,1713.64
2019,M11,November,2019-11-01,ldr,1.2,1.2,1.17
2019,M11,November,2019-11-01,ql,3526,3253,3319.09
2019,M11,November,2019-11-01,qr,2.3,2.2,2.25
2019,M11,November,2019-11-01,hl,5868,5494,5629.18
2019,M11,November,2019-11-01,hr,3.9,3.8,3.85
2019,M11,November,2019-11-01,tsl,5674,5340,5387
2019,M11,November,2019-11-01,tsr,3.7,3.6,3.66
2019,M11,November,2019-11-01,jol,6919,6875,7188
2019,M11,November,2019-11-01,jor,4.4,4.4,4.61
2019,M10,October,2019-10-01,ldl,1810,1711,1700.09
2019,M10,October,2019-10-01,ldr,1.2,1.2,1.15
2019,M10,October,2019-10-01,ql,3427,3304,3295.18
2019,M10,October,2019-10-01,qr,2.3,2.3,2.23
2019,M10,October,2019-10-01,hl,5805,5805,5660.36
2019,M10,October,2019-10-01,hr,3.8,3.8,3.85
2019,M10,October,2019-10-01,tsl,5603,5397,5346.64
2019,M10,October,2019-10-01,tsr,3.7,3.7,3.64
2019,M10,October,2019-10-01,jol,7325,6820,7195.09
2019,M10,October,2019-10-01,jor,4.6,4.6,4.64
2019,M09,September,2019-09-01,ldl,1951,1718,1699.64
2019,M09,September,2019-09-01,ldr,1.3,1.2,1.16
2019,M09,September,2019-09-01,ql,3435,3190,3278.73
2019,M09,September,2019-09-01,qr,2.3,2.2,2.24
2019,M09,September,2019-09-01,hl,5973,5625,5656.73
2019,M09,September,2019-09-01,hr,3.9,3.8,3.87
2019,M09,September,2019-09-01,tsl,5727,5289,5324.45
2019,M09,September,2019-09-01,tsr,3.8,3.6,3.64
2019,M09,September,2019-09-01,jol,7160,6512,7171.55
2019,M09,September,2019-09-01,jor,4.5,4.4,4.61
2019,M08,August,2019-08-01,ldl,1800,1773,1714.45
2019,M08,August,2019-08-01,ldr,1.2,1.2,1.17
2019,M08,August,2019-08-01,ql,3529,3103,3252.91
2019,M08,August,2019-08-01,qr,2.3,2.1,2.21
2019,M08,August,2019-08-01,hl,5914,5815,5632.64
2019,M08,August,2019-08-01,hr,3.9,3.8,3.85
2019,M08,August,2019-08-01,tsl,5631,5334,5319
2019,M08,August,2019-08-01,tsr,3.7,3.6,3.63
2019,M08,August,2019-08-01,jol,7172,6360,7113.55
2019,M08,August,2019-08-01,jor,4.5,4.3,4.58
2019,M07,July,2019-07-01,ldl,1831,1759,1722.45
2019,M07,July,2019-07-01,ldr,1.2,1.2,1.19
2019,M07,July,2019-07-01,ql,3614,3097,3234.18
2019,M07,July,2019-07-01,qr,2.4,2.2,2.21
2019,M07,July,2019-07-01,hl,5886,5649,5649.91
2019,M07,July,2019-07-01,hr,3.9,3.8,3.86
2019,M07,July,2019-07-01,tsl,5795,5338,5302.73
2019,M07,July,2019-07-01,tsr,3.8,3.6,3.61
2019,M07,July,2019-07-01,jol,7051,6514,7174.91
2019,M07,July,2019-07-01,jor,4.5,4.5,4.65
2019,M06,June,2019-06-01,ldl,1770,1761,1752.82
2019,M06,June,2019-06-01,ldr,1.2,1.2,1.21
2019,M06,June,2019-06-01,ql,3493,3154,3187.45
2019,M06,June,2019-06-01,qr,2.3,2.2,2.18
2019,M06,June,2019-06-01,hl,5768,5760,5759.36
2019,M06,June,2019-06-01,hr,3.8,3.8,3.95
2019,M06,June,2019-06-01,tsl,5586,5463,5292.73
2019,M06,June,2019-06-01,tsr,3.7,3.7,3.63
2019,M06,June,2019-06-01,jol,7139,6305,7010
2019,M06,June,2019-06-01,jor,4.5,4.3,4.55
2019,M05,May,2019-05-01,ldl,1773,1773,1724.91
2019,M05,May,2019-05-01,ldr,1.2,1.2,1.19
2019,M05,May,2019-05-01,ql,3463,3111,3162.64
2019,M05,May,2019-05-01,qr,2.3,2.1,2.16
2019,M05,May,2019-05-01,hl,5725,5725,5798.27
2019,M05,May,2019-05-01,hr,3.8,3.8,4.01
2019,M05,May,2019-05-01,tsl,5542,5270,5230.36
2019,M05,May,2019-05-01,tsr,3.7,3.6,3.62
2019,M05,May,2019-05-01,jol,7311,5826,6987.73
2019,M05,May,2019-05-01,jor,4.6,4,4.55
2019,M04,April,2019-04-01,ldl,1962,1764,2376.36
2019,M04,April,2019-04-01,ldr,1.3,1.2,1.71
2019,M04,April,2019-04-01,ql,3488,3028,3134.36
2019,M04,April,2019-04-01,qr,2.3,2.1,2.16
2019,M04,April,2019-04-01,hl,6011,5294,5428.18
2019,M04,April,2019-04-01,hr,4,3.7,3.75
2019,M04,April,2019-04-01,tsl,5766,5441,5860.18
2019,M04,April,2019-04-01,tsr,3.8,3.6,4.11
2019,M04,April,2019-04-01,jol,7191,6091,6923.91
2019,M04,April,2019-04-01,jor,4.6,4,4.52
2019,M03,March,2019-03-01,ldl,1692,1787,2759.27
2019,M03,March,2019-03-01,ldr,1.1,1.2,1.85
2019,M03,March,2019-03-01,ql,3534,3150,3193.18
2019,M03,March,2019-03-01,qr,2.4,2.2,2.18
2019,M03,March,2019-03-01,hl,5698,5395,5477.55
2019,M03,March,2019-03-01,hr,3.8,3.7,3.74
2019,M03,March,2019-03-01,tsl,5557,5494,6302.36
2019,M03,March,2019-03-01,tsr,3.7,3.7,4.29
2019,M03,March,2019-03-01,jol,7337,6129,6884.91
2019,M03,March,2019-03-01,jor,4.7,4.1,4.46
2019,M02,February,2019-02-01,ldl,1777,1757,1719.82
2019,M02,February,2019-02-01,ldr,1.2,1.2,1.17
2019,M02,February,2019-02-01,ql,3580,3222,3232.18
2019,M02,February,2019-02-01,qr,2.4,2.2,2.22
2019,M02,February,2019-02-01,hl,5680,5624,5575.45
2019,M02,February,2019-02-01,hr,3.8,3.8,3.82
2019,M02,February,2019-02-01,tsl,5703,5319,5295.18
2019,M02,February,2019-02-01,tsr,3.8,3.7,3.63
2019,M02,February,2019-02-01,jol,7072,6552,6862.73
2019,M02,February,2019-02-01,jor,4.5,4.2,4.44
2019,M01,January,2019-01-01,ldl,1708,1745,1725.91
2019,M01,January,2019-01-01,ldr,1.1,1.2,1.18
2019,M01,January,2019-01-01,ql,3503,3188,3187.45
2019,M01,January,2019-01-01,qr,2.3,2.2,2.17
2019,M01,January,2019-01-01,hl,5814,5512,5518.45
2019,M01,January,2019-01-01,hr,3.9,3.8,3.79
2019,M01,January,2019-01-01,tsl,5521,5288,5264.45
2019,M01,January,2019-01-01,tsr,3.7,3.6,3.63
2019,M01,January,2019-01-01,jol,7517,6621,6870
2019,M01,January,2019-01-01,jor,4.8,4.3,4.45
2018,M12,December,2018-12-01,ldl,1839,1786.5,1743.3
2018,M12,December,2018-12-01,ldr,1.2,1.25,1.2
2018,M12,December,2018-12-01,ql,3407,3312.5,3289.8
2018,M12,December,2018-12-01,qr,2.3,2.25,2.24
2018,M12,December,2018-12-01,hl,5768,5569,5627.2
2018,M12,December,2018-12-01,hr,3.9,3.9,3.85
2018,M12,December,2018-12-01,tsl,5554,5401.5,5382.7
2018,M12,December,2018-12-01,tsr,3.7,3.7,3.68
2018,M12,December,2018-12-01,jol,7489,6522.5,7150.8
2018,M12,December,2018-12-01,jor,4.8,4.15,4.6
2018,M11,November,2018-11-01,ldl,1938,1747,1713.64
2018,M11,November,2018-11-01,ldr,1.3,1.2,1.17
2018,M11,November,2018-11-01,ql,3511,3253,3319.09
2018,M11,November,2018-11-01,qr,2.3,2.2,2.25
2018,M11,November,2018-11-01,hl,5826,5494,5629.18
2018,M11,November,2018-11-01,hr,3.9,3.8,3.85
2018,M11,November,2018-11-01,tsl,5793,5340,5387
2018,M11,November,2018-11-01,tsr,3.9,3.6,3.66
2018,M11,November,2018-11-01,jol,7594,6875,7188
2018,M11,November,2018-11-01,jor,4.8,4.4,4.61
2018,M10,October,2018-10-01,ldl,1813,1711,1700.09
2018,M10,October,2018-10-01,ldr,1.2,1.2,1.15
2018,M10,October,2018-10-01,ql,3458,3304,3295.18
2018,M10,October,2018-10-01,qr,2.3,2.3,2.23
2018,M10,October,2018-10-01,hl,5907,5805,5660.36
2018,M10,October,2018-10-01,hr,4,3.8,3.85
2018,M10,October,2018-10-01,tsl,5602,5397,5346.64
2018,M10,October,2018-10-01,tsr,3.7,3.7,3.64
2018,M10,October,2018-10-01,jol,7304,6820,7195.09
2018,M10,October,2018-10-01,jor,4.7,4.6,4.64
2018,M09,September,2018-09-01,ldl,1764,1718,1699.64
2018,M09,September,2018-09-01,ldr,1.2,1.2,1.16
2018,M09,September,2018-09-01,ql,3391,3190,3278.73
2018,M09,September,2018-09-01,qr,2.3,2.2,2.24
2018,M09,September,2018-09-01,hl,5625,5625,5656.73
2018,M09,September,2018-09-01,hr,3.8,3.8,3.87
2018,M09,September,2018-09-01,tsl,5494,5289,5324.45
2018,M09,September,2018-09-01,tsr,3.7,3.6,3.64
2018,M09,September,2018-09-01,jol,7411,6512,7171.55
2018,M09,September,2018-09-01,jor,4.7,4.4,4.61
2018,M08,August,2018-08-01,ldl,1803,1773,1714.45
2018,M08,August,2018-08-01,ldr,1.2,1.2,1.17
2018,M08,August,2018-08-01,ql,3423,3103,3252.91
2018,M08,August,2018-08-01,qr,2.3,2.1,2.21
2018,M08,August,2018-08-01,hl,5815,5815,5632.64
2018,M08,August,2018-08-01,hr,3.9,3.8,3.85
2018,M08,August,2018-08-01,tsl,5543,5334,5319
2018,M08,August,2018-08-01,tsr,3.7,3.6,3.63
2018,M08,August,2018-08-01,jol,7208,6360,7113.55
2018,M08,August,2018-08-01,jor,4.6,4.3,4.58
2018,M07,July,2018-07-01,ldl,1806,1759,1722.45
2018,M07,July,2018-07-01,ldr,1.2,1.2,1.19
2018,M07,July,2018-07-01,ql,3426,3097,3234.18
2018,M07,July,2018-07-01,qr,2.3,2.2,2.21
2018,M07,July,2018-07-01,hl,5649,5649,5649.91
2018,M07,July,2018-07-01,hr,3.8,3.8,3.86
2018,M07,July,2018-07-01,tsl,5577,5338,5302.73
2018,M07,July,2018-07-01,tsr,3.7,3.6,3.61
2018,M07,July,2018-07-01,jol,7190,6514,7174.91
2018,M07,July,2018-07-01,jor,4.6,4.5,4.65
2018,M06,June,2018-06-01,ldl,1822,1761,1752.82
2018,M06,June,2018-06-01,ldr,1.2,1.2,1.21
2018,M06,June,2018-06-01,ql,3382,3154,3187.45
2018,M06,June,2018-06-01,qr,2.3,2.2,2.18
2018,M06,June,2018-06-01,hl,5760,5760,5759.36
2018,M06,June,2018-06-01,hr,3.9,3.8,3.95
2018,M06,June,2018-06-01,tsl,5566,5463,5292.73
2018,M06,June,2018-06-01,tsr,3.7,3.7,3.63
2018,M06,June,2018-06-01,jol,7230,6305,7010
2018,M06,June,2018-06-01,jor,4.6,4.3,4.55
2018,M05,May,2018-05-01,ldl,1775,1773,1724.91
2018,M05,May,2018-05-01,ldr,1.2,1.2,1.19
2018,M05,May,2018-05-01,ql,3382,3111,3162.64
2018,M05,May,2018-05-01,qr,2.3,2.1,2.16
2018,M05,May,2018-05-01,hl,5859,5725,5798.27
2018,M05,May,2018-05-01,hr,3.9,3.8,4.01
2018,M05,May,2018-05-01,tsl,5492,5270,5230.36
2018,M05,May,2018-05-01,tsr,3.7,3.6,3.62
2018,M05,May,2018-05-01,jol,7016,5826,6987.73
2018,M05,May,2018-05-01,jor,4.5,4,4.55
2018,M04,April,2018-04-01,ldl,1727,1764,2376.36
2018,M04,April,2018-04-01,ldr,1.2,1.2,1.71
2018,M04,April,2018-04-01,ql,3370,3028,3134.36
2018,M04,April,2018-04-01,qr,2.3,2.1,2.16
2018,M04,April,2018-04-01,hl,5590,5294,5428.18
2018,M04,April,2018-04-01,hr,3.8,3.7,3.75
2018,M04,April,2018-04-01,tsl,5441,5441,5860.18
2018,M04,April,2018-04-01,tsr,3.7,3.6,4.11
2018,M04,April,2018-04-01,jol,6877,6091,6923.91
2018,M04,April,2018-04-01,jor,4.4,4,4.52
2018,M03,March,2018-03-01,ldl,1795,1787,2759.27
2018,M03,March,2018-03-01,ldr,1.2,1.2,1.85
2018,M03,March,2018-03-01,ql,3323,3150,3193.18
2018,M03,March,2018-03-01,qr,2.2,2.2,2.18
2018,M03,March,2018-03-01,hl,5623,5395,5477.55
2018,M03,March,2018-03-01,hr,3.8,3.7,3.74
2018,M03,March,2018-03-01,tsl,5500,5494,6302.36
2018,M03,March,2018-03-01,tsr,3.7,3.7,4.29
2018,M03,March,2018-03-01,jol,6818,6129,6884.91
2018,M03,March,2018-03-01,jor,4.4,4.1,4.46
2018,M02,February,2018-02-01,ldl,1771,1757,1719.82
2018,M02,February,2018-02-01,ldr,1.2,1.2,1.17
2018,M02,February,2018-02-01,ql,3222,3222,3232.18
2018,M02,February,2018-02-01,qr,2.2,2.2,2.22
2018,M02,February,2018-02-01,hl,5624,5624,5575.45
2018,M02,February,2018-02-01,hr,3.8,3.8,3.82
2018,M02,February,2018-02-01,tsl,5319,5319,5295.18
2018,M02,February,2018-02-01,tsr,3.6,3.7,3.63
2018,M02,February,2018-02-01,jol,6552,6552,6862.73
2018,M02,February,2018-02-01,jor,4.2,4.2,4.44
2018,M01,January,2018-01-01,ldl,1932,1745,1725.91
2018,M01,January,2018-01-01,ldr,1.3,1.2,1.18
2018,M01,January,2018-01-01,ql,3019,3188,3187.45
2018,M01,January,2018-01-01,qr,2,2.2,2.17
2018,M01,January,2018-01-01,hl,5512,5512,5518.45
2018,M01,January,2018-01-01,hr,3.7,3.8,3.79
2018,M01,January,2018-01-01,tsl,5288,5288,5264.45
2018,M01,January,2018-01-01,tsr,3.6,3.6,3.63
2018,M01,January,2018-01-01,jol,6621,6621,6870
2018,M01,January,2018-01-01,jor,4.3,4.3,4.45
2017,M12,December,2017-12-01,ldl,1732,1786.5,1743.3
2017,M12,December,2017-12-01,ldr,1.2,1.25,1.2
2017,M12,December,2017-12-01,ql,3222,3312.5,3289.8
2017,M12,December,2017-12-01,qr,2.2,2.25,2.24
2017,M12,December,2017-12-01,hl,5421,5569,5627.2
2017,M12,December,2017-12-01,hr,3.7,3.9,3.85
2017,M12,December,2017-12-01,tsl,5249,5401.5,5382.7
2017,M12,December,2017-12-01,tsr,3.6,3.7,3.68
2017,M12,December,2017-12-01,jol,6336,6522.5,7150.8
2017,M12,December,2017-12-01,jor,4.1,4.15,4.6
2017,M11,November,2017-11-01,ldl,1747,1747,1713.64
2017,M11,November,2017-11-01,ldr,1.2,1.2,1.17
2017,M11,November,2017-11-01,ql,3186,3253,3319.09
2017,M11,November,2017-11-01,qr,2.2,2.2,2.25
2017,M11,November,2017-11-01,hl,5494,5494,5629.18
2017,M11,November,2017-11-01,hr,3.7,3.8,3.85
2017,M11,November,2017-11-01,tsl,5283,5340,5387
2017,M11,November,2017-11-01,tsr,3.6,3.6,3.66
2017,M11,November,2017-11-01,jol,6271,6875,7188
2017,M11,November,2017-11-01,jor,4.1,4.4,4.61
2017,M10,October,2017-10-01,ldl,1837,1711,1700.09
2017,M10,October,2017-10-01,ldr,1.2,1.2,1.15
2017,M10,October,2017-10-01,ql,3219,3304,3295.18
2017,M10,October,2017-10-01,qr,2.2,2.3,2.23
2017,M10,October,2017-10-01,hl,5581,5805,5660.36
2017,M10,October,2017-10-01,hr,3.8,3.8,3.85
2017,M10,October,2017-10-01,tsl,5397,5397,5346.64
2017,M10,October,2017-10-01,tsr,3.7,3.7,3.64
2017,M10,October,2017-10-01,jol,6408,6820,7195.09
2017,M10,October,2017-10-01,jor,4.2,4.6,4.64
2017,M09,September,2017-09-01,ldl,1787,1718,1699.64
2017,M09,September,2017-09-01,ldr,1.2,1.2,1.16
2017,M09,September,2017-09-01,ql,3190,3190,3278.73
2017,M09,September,2017-09-01,qr,2.2,2.2,2.24
2017,M09,September,2017-09-01,hl,5450,5625,5656.73
2017,M09,September,2017-09-01,hr,3.7,3.8,3.87
2017,M09,September,2017-09-01,tsl,5289,5289,5324.45
2017,M09,September,2017-09-01,tsr,3.6,3.6,3.64
2017,M09,September,2017-09-01,jol,6320,6512,7171.55
2017,M09,September,2017-09-01,jor,4.1,4.4,4.61
2017,M08,August,2017-08-01,ldl,1868,1773,1714.45
2017,M08,August,2017-08-01,ldr,1.3,1.2,1.17
2017,M08,August,2017-08-01,ql,3103,3103,3252.91
2017,M08,August,2017-08-01,qr,2.1,2.1,2.21
2017,M08,August,2017-08-01,hl,5519,5815,5632.64
2017,M08,August,2017-08-01,hr,3.8,3.8,3.85
2017,M08,August,2017-08-01,tsl,5334,5334,5319
2017,M08,August,2017-08-01,tsr,3.6,3.6,3.63
2017,M08,August,2017-08-01,jol,6276,6360,7113.55
2017,M08,August,2017-08-01,jor,4.1,4.3,4.58
2017,M07,July,2017-07-01,ldl,1910,1759,1722.45
2017,M07,July,2017-07-01,ldr,1.3,1.2,1.19
2017,M07,July,2017-07-01,ql,3097,3097,3234.18
2017,M07,July,2017-07-01,qr,2.1,2.2,2.21
2017,M07,July,2017-07-01,hl,5497,5649,5649.91
2017,M07,July,2017-07-01,hr,3.7,3.8,3.86
2017,M07,July,2017-07-01,tsl,5338,5338,5302.73
2017,M07,July,2017-07-01,tsr,3.6,3.6,3.61
2017,M07,July,2017-07-01,jol,6238,6514,7174.91
2017,M07,July,2017-07-01,jor,4.1,4.5,4.65
2017,M06,June,2017-06-01,ldl,1970,1761,1752.82
2017,M06,June,2017-06-01,ldr,1.3,1.2,1.21
2017,M06,June,2017-06-01,ql,3154,3154,3187.45
2017,M06,June,2017-06-01,qr,2.2,2.2,2.18
2017,M06,June,2017-06-01,hl,5635,5760,5759.36
2017,M06,June,2017-06-01,hr,3.8,3.8,3.95
2017,M06,June,2017-06-01,tsl,5463,5463,5292.73
2017,M06,June,2017-06-01,tsr,3.7,3.7,3.63
2017,M06,June,2017-06-01,jol,6305,6305,7010
2017,M06,June,2017-06-01,jor,4.1,4.3,4.55
2017,M05,May,2017-05-01,ldl,1794,1773,1724.91
2017,M05,May,2017-05-01,ldr,1.2,1.2,1.19
2017,M05,May,2017-05-01,ql,3111,3111,3162.64
2017,M05,May,2017-05-01,qr,2.1,2.1,2.16
2017,M05,May,2017-05-01,hl,5477,5725,5798.27
2017,M05,May,2017-05-01,hr,3.7,3.8,4.01
2017,M05,May,2017-05-01,tsl,5270,5270,5230.36
2017,M05,May,2017-05-01,tsr,3.6,3.6,3.62
2017,M05,May,2017-05-01,jol,5826,5826,6987.73
2017,M05,May,2017-05-01,jor,3.8,4,4.55
2017,M04,April,2017-04-01,ldl,1710,1764,2376.36
2017,M04,April,2017-04-01,ldr,1.2,1.2,1.71
2017,M04,April,2017-04-01,ql,3028,3028,3134.36
2017,M04,April,2017-04-01,qr,2.1,2.1,2.16
2017,M04,April,2017-04-01,hl,5272,5294,5428.18
2017,M04,April,2017-04-01,hr,3.6,3.7,3.75
2017,M04,April,2017-04-01,tsl,5091,5441,5860.18
2017,M04,April,2017-04-01,tsr,3.5,3.6,4.11
2017,M04,April,2017-04-01,jol,6091,6091,6923.91
2017,M04,April,2017-04-01,jor,4,4,4.52
2017,M03,March,2017-03-01,ldl,1762,1787,2759.27
2017,M03,March,2017-03-01,ldr,1.2,1.2,1.85
2017,M03,March,2017-03-01,ql,3150,3150,3193.18
2017,M03,March,2017-03-01,qr,2.2,2.2,2.18
2017,M03,March,2017-03-01,hl,5395,5395,5477.55
2017,M03,March,2017-03-01,hr,3.7,3.7,3.74
2017,M03,March,2017-03-01,tsl,5280,5494,6302.36
2017,M03,March,2017-03-01,tsr,3.6,3.7,4.29
2017,M03,March,2017-03-01,jol,5811,6129,6884.91
2017,M03,March,2017-03-01,jor,3.8,4.1,4.46
2017,M02,February,2017-02-01,ldl,1711,1757,1719.82
2017,M02,February,2017-02-01,ldr,1.2,1.2,1.17
2017,M02,February,2017-02-01,ql,3089,3222,3232.18
2017,M02,February,2017-02-01,qr,2.1,2.2,2.22
2017,M02,February,2017-02-01,hl,5350,5624,5575.45
2017,M02,February,2017-02-01,hr,3.7,3.8,3.82
2017,M02,February,2017-02-01,tsl,5176,5319,5295.18
2017,M02,February,2017-02-01,tsr,3.5,3.7,3.63
2017,M02,February,2017-02-01,jol,5923,6552,6862.73
2017,M02,February,2017-02-01,jor,3.9,4.2,4.44
2017,M01,January,2017-01-01,ldl,1745,1745,1725.91
2017,M01,January,2017-01-01,ldr,1.2,1.2,1.18
2017,M01,January,2017-01-01,ql,3188,3188,3187.45
2017,M01,January,2017-01-01,qr,2.2,2.2,2.17
2017,M01,January,2017-01-01,hl,5499,5512,5518.45
2017,M01,January,2017-01-01,hr,3.8,3.8,3.79
2017,M01,January,2017-01-01,tsl,5320,5288,5264.45
2017,M01,January,2017-01-01,tsr,3.7,3.6,3.63
2017,M01,January,2017-01-01,jol,5617,6621,6870
2017,M01,January,2017-01-01,jor,3.7,4.3,4.45
2016,M12,December,2016-12-01,ldl,1708,1786.5,1743.3
2016,M12,December,2016-12-01,ldr,1.2,1.25,1.2
2016,M12,December,2016-12-01,ql,2989,3312.5,3289.8
2016,M12,December,2016-12-01,qr,2.1,2.25,2.24
2016,M12,December,2016-12-01,hl,5343,5569,5627.2
2016,M12,December,2016-12-01,hr,3.7,3.9,3.85
2016,M12,December,2016-12-01,tsl,5071,5401.5,5382.7
2016,M12,December,2016-12-01,tsr,3.5,3.7,3.68
2016,M12,December,2016-12-01,jol,5964,6522.5,7150.8
2016,M12,December,2016-12-01,jor,3.9,4.15,4.6
2016,M11,November,2016-11-01,ldl,1751,1747,1713.64
2016,M11,November,2016-11-01,ldr,1.2,1.2,1.17
2016,M11,November,2016-11-01,ql,3026,3253,3319.09
2016,M11,November,2016-11-01,qr,2.1,2.2,2.25
2016,M11,November,2016-11-01,hl,5308,5494,5629.18
2016,M11,November,2016-11-01,hr,3.7,3.8,3.85
2016,M11,November,2016-11-01,tsl,5139,5340,5387
2016,M11,November,2016-11-01,tsr,3.5,3.6,3.66
2016,M11,November,2016-11-01,jol,5971,6875,7188
2016,M11,November,2016-11-01,jor,4,4.4,4.61
2016,M10,October,2016-10-01,ldl,1664,1711,1700.09
2016,M10,October,2016-10-01,ldr,1.1,1.2,1.15
2016,M10,October,2016-10-01,ql,3074,3304,3295.18
2016,M10,October,2016-10-01,qr,2.1,2.3,2.23
2016,M10,October,2016-10-01,hl,5210,5805,5660.36
2016,M10,October,2016-10-01,hr,3.6,3.8,3.85
2016,M10,October,2016-10-01,tsl,5125,5397,5346.64
2016,M10,October,2016-10-01,tsr,3.5,3.7,3.64
2016,M10,October,2016-10-01,jol,5591,6820,7195.09
2016,M10,October,2016-10-01,jor,3.7,4.6,4.64
2016,M09,September,2016-09-01,ldl,1588,1718,1699.64
2016,M09,September,2016-09-01,ldr,1.1,1.2,1.16
2016,M09,September,2016-09-01,ql,3047,3190,3278.73
2016,M09,September,2016-09-01,qr,2.1,2.2,2.24
2016,M09,September,2016-09-01,hl,5306,5625,5656.73
2016,M09,September,2016-09-01,hr,3.7,3.8,3.87
2016,M09,September,2016-09-01,tsl,4985,5289,5324.45
2016,M09,September,2016-09-01,tsr,3.4,3.6,3.64
2016,M09,September,2016-09-01,jol,5868,6512,7171.55
2016,M09,September,2016-09-01,jor,3.9,4.4,4.61
2016,M08,August,2016-08-01,ldl,1860,1773,1714.45
2016,M08,August,2016-08-01,ldr,1.3,1.2,1.17
2016,M08,August,2016-08-01,ql,2998,3103,3252.91
2016,M08,August,2016-08-01,qr,2.1,2.1,2.21
2016,M08,August,2016-08-01,hl,5327,5815,5632.64
2016,M08,August,2016-08-01,hr,3.7,3.8,3.85
2016,M08,August,2016-08-01,tsl,5204,5334,5319
2016,M08,August,2016-08-01,tsr,3.6,3.6,3.63
2016,M08,August,2016-08-01,jol,5677,6360,7113.55
2016,M08,August,2016-08-01,jor,3.8,4.3,4.58
2016,M07,July,2016-07-01,ldl,1759,1759,1722.45
2016,M07,July,2016-07-01,ldr,1.2,1.2,1.19
2016,M07,July,2016-07-01,ql,2967,3097,3234.18
2016,M07,July,2016-07-01,qr,2.1,2.2,2.21
2016,M07,July,2016-07-01,hl,5426,5649,5649.91
2016,M07,July,2016-07-01,hr,3.8,3.8,3.86
2016,M07,July,2016-07-01,tsl,5065,5338,5302.73
2016,M07,July,2016-07-01,tsr,3.5,3.6,3.61
2016,M07,July,2016-07-01,jol,5962,6514,7174.91
2016,M07,July,2016-07-01,jor,4,4.5,4.65
2016,M06,June,2016-06-01,ldl,1750,1761,1752.82
2016,M06,June,2016-06-01,ldr,1.2,1.2,1.21
2016,M06,June,2016-06-01,ql,3018,3154,3187.45
2016,M06,June,2016-06-01,qr,2.1,2.2,2.18
2016,M06,June,2016-06-01,hl,5281,5760,5759.36
2016,M06,June,2016-06-01,hr,3.7,3.8,3.95
2016,M06,June,2016-06-01,tsl,5118,5463,5292.73
2016,M06,June,2016-06-01,tsr,3.6,3.7,3.63
2016,M06,June,2016-06-01,jol,5742,6305,7010
2016,M06,June,2016-06-01,jor,3.8,4.3,4.55
2016,M05,May,2016-05-01,ldl,1825,1773,1724.91
2016,M05,May,2016-05-01,ldr,1.3,1.2,1.19
2016,M05,May,2016-05-01,ql,3009,3111,3162.64
2016,M05,May,2016-05-01,qr,2.1,2.1,2.16
2016,M05,May,2016-05-01,hl,5197,5725,5798.27
2016,M05,May,2016-05-01,hr,3.6,3.8,4.01
2016,M05,May,2016-05-01,tsl,5176,5270,5230.36
2016,M05,May,2016-05-01,tsr,3.6,3.6,3.62
2016,M05,May,2016-05-01,jol,5777,5826,6987.73
2016,M05,May,2016-05-01,jor,3.9,4,4.55
2016,M04,April,2016-04-01,ldl,1771,1764,2376.36
2016,M04,April,2016-04-01,ldr,1.2,1.2,1.71
2016,M04,April,2016-04-01,ql,2955,3028,3134.36
2016,M04,April,2016-04-01,qr,2.1,2.1,2.16
2016,M04,April,2016-04-01,hl,5294,5294,5428.18
2016,M04,April,2016-04-01,hr,3.7,3.7,3.75
2016,M04,April,2016-04-01,tsl,5110,5441,5860.18
2016,M04,April,2016-04-01,tsr,3.6,3.6,4.11
2016,M04,April,2016-04-01,jol,5803,6091,6923.91
2016,M04,April,2016-04-01,jor,3.9,4,4.52
2016,M03,March,2016-03-01,ldl,1850,1787,2759.27
2016,M03,March,2016-03-01,ldr,1.3,1.2,1.85
2016,M03,March,2016-03-01,ql,2917,3150,3193.18
2016,M03,March,2016-03-01,qr,2,2.2,2.18
2016,M03,March,2016-03-01,hl,5359,5395,5477.55
2016,M03,March,2016-03-01,hr,3.7,3.7,3.74
2016,M03,March,2016-03-01,tsl,5133,5494,6302.36
2016,M03,March,2016-03-01,tsr,3.6,3.7,4.29
2016,M03,March,2016-03-01,jol,6129,6129,6884.91
2016,M03,March,2016-03-01,jor,4.1,4.1,4.46
2016,M02,February,2016-02-01,ldl,1894,1757,1719.82
2016,M02,February,2016-02-01,ldr,1.3,1.2,1.17
2016,M02,February,2016-02-01,ql,2994,3222,3232.18
2016,M02,February,2016-02-01,qr,2.1,2.2,2.22
2016,M02,February,2016-02-01,hl,5470,5624,5575.45
2016,M02,February,2016-02-01,hr,3.8,3.8,3.82
2016,M02,February,2016-02-01,tsl,5265,5319,5295.18
2016,M02,February,2016-02-01,tsr,3.7,3.7,3.63
2016,M02,February,2016-02-01,jol,5770,6552,6862.73
2016,M02,February,2016-02-01,jor,3.9,4.2,4.44
2016,M01,January,2016-01-01,ldl,1805,1745,1725.91
2016,M01,January,2016-01-01,ldr,1.3,1.2,1.18
2016,M01,January,2016-01-01,ql,2875,3188,3187.45
2016,M01,January,2016-01-01,qr,2,2.2,2.17
2016,M01,January,2016-01-01,hl,5220,5512,5518.45
2016,M01,January,2016-01-01,hr,3.6,3.8,3.79
2016,M01,January,2016-01-01,tsl,5099,5288,5264.45
2016,M01,January,2016-01-01,tsr,3.6,3.6,3.63
2016,M01,January,2016-01-01,jol,6012,6621,6870
2016,M01,January,2016-01-01,jor,4,4.3,4.45
2015,M12,December,2015-12-01,ldl,1803,1786.5,1743.3
2015,M12,December,2015-12-01,ldr,1.3,1.25,1.2
2015,M12,December,2015-12-01,ql,3056,3312.5,3289.8
2015,M12,December,2015-12-01,qr,2.1,2.25,2.24
2015,M12,December,2015-12-01,hl,5540,5569,5627.2
2015,M12,December,2015-12-01,hr,3.9,3.9,3.85
2015,M12,December,2015-12-01,tsl,5225,5401.5,5382.7
2015,M12,December,2015-12-01,tsr,3.7,3.7,3.68
2015,M12,December,2015-12-01,jol,5845,6522.5,7150.8
2015,M12,December,2015-12-01,jor,3.9,4.15,4.6
2015,M11,November,2015-11-01,ldl,1779,1747,1713.64
2015,M11,November,2015-11-01,ldr,1.2,1.2,1.17
2015,M11,November,2015-11-01,ql,2897,3253,3319.09
2015,M11,November,2015-11-01,qr,2,2.2,2.25
2015,M11,November,2015-11-01,hl,5358,5494,5629.18
2015,M11,November,2015-11-01,hr,3.8,3.8,3.85
2015,M11,November,2015-11-01,tsl,5089,5340,5387
2015,M11,November,2015-11-01,tsr,3.6,3.6,3.66
2015,M11,November,2015-11-01,jol,5708,6875,7188
2015,M11,November,2015-11-01,jor,3.8,4.4,4.61
2015,M10,October,2015-10-01,ldl,1845,1711,1700.09
2015,M10,October,2015-10-01,ldr,1.3,1.2,1.15
2015,M10,October,2015-10-01,ql,2810,3304,3295.18
2015,M10,October,2015-10-01,qr,2,2.3,2.23
2015,M10,October,2015-10-01,hl,5338,5805,5660.36
2015,M10,October,2015-10-01,hr,3.7,3.8,3.85
2015,M10,October,2015-10-01,tsl,5032,5397,5346.64
2015,M10,October,2015-10-01,tsr,3.5,3.7,3.64
2015,M10,October,2015-10-01,jol,5773,6820,7195.09
2015,M10,October,2015-10-01,jor,3.9,4.6,4.64
2015,M09,September,2015-09-01,ldl,1964,1718,1699.64
2015,M09,September,2015-09-01,ldr,1.4,1.2,1.16
2015,M09,September,2015-09-01,ql,2778,3190,3278.73
2015,M09,September,2015-09-01,qr,2,2.2,2.24
2015,M09,September,2015-09-01,hl,5287,5625,5656.73
2015,M09,September,2015-09-01,hr,3.7,3.8,3.87
2015,M09,September,2015-09-01,tsl,5110,5289,5324.45
2015,M09,September,2015-09-01,tsr,3.6,3.6,3.64
2015,M09,September,2015-09-01,jol,5488,6512,7171.55
2015,M09,September,2015-09-01,jor,3.7,4.4,4.61
2015,M08,August,2015-08-01,ldl,1773,1773,1714.45
2015,M08,August,2015-08-01,ldr,1.2,1.2,1.17
2015,M08,August,2015-08-01,ql,2879,3103,3252.91
2015,M08,August,2015-08-01,qr,2,2.1,2.21
2015,M08,August,2015-08-01,hl,5163,5815,5632.64
2015,M08,August,2015-08-01,hr,3.6,3.8,3.85
2015,M08,August,2015-08-01,tsl,5032,5334,5319
2015,M08,August,2015-08-01,tsr,3.5,3.6,3.63
2015,M08,August,2015-08-01,jol,5467,6360,7113.55
2015,M08,August,2015-08-01,jor,3.7,4.3,4.58
2015,M07,July,2015-07-01,ldl,1703,1759,1722.45
2015,M07,July,2015-07-01,ldr,1.2,1.2,1.19
2015,M07,July,2015-07-01,ql,2764,3097,3234.18
2015,M07,July,2015-07-01,qr,1.9,2.2,2.21
2015,M07,July,2015-07-01,hl,5150,5649,5649.91
2015,M07,July,2015-07-01,hr,3.6,3.8,3.86
2015,M07,July,2015-07-01,tsl,4848,5338,5302.73
2015,M07,July,2015-07-01,tsr,3.4,3.6,3.61
2015,M07,July,2015-07-01,jol,6056,6514,7174.91
2015,M07,July,2015-07-01,jor,4.1,4.5,4.65
2015,M06,June,2015-06-01,ldl,1821,1761,1752.82
2015,M06,June,2015-06-01,ldr,1.3,1.2,1.21
2015,M06,June,2015-06-01,ql,2756,3154,3187.45
2015,M06,June,2015-06-01,qr,1.9,2.2,2.18
2015,M06,June,2015-06-01,hl,5125,5760,5759.36
2015,M06,June,2015-06-01,hr,3.6,3.8,3.95
2015,M06,June,2015-06-01,tsl,4978,5463,5292.73
2015,M06,June,2015-06-01,tsr,3.5,3.7,3.63
2015,M06,June,2015-06-01,jol,5248,6305,7010
2015,M06,June,2015-06-01,jor,3.6,4.3,4.55
2015,M05,May,2015-05-01,ldl,1711,1773,1724.91
2015,M05,May,2015-05-01,ldr,1.2,1.2,1.19
2015,M05,May,2015-05-01,ql,2743,3111,3162.64
2015,M05,May,2015-05-01,qr,1.9,2.1,2.16
2015,M05,May,2015-05-01,hl,5142,5725,5798.27
2015,M05,May,2015-05-01,hr,3.6,3.8,4.01
2015,M05,May,2015-05-01,tsl,4825,5270,5230.36
2015,M05,May,2015-05-01,tsr,3.4,3.6,3.62
2015,M05,May,2015-05-01,jol,5563,5826,6987.73
2015,M05,May,2015-05-01,jor,3.8,4,4.55
2015,M04,April,2015-04-01,ldl,1856,1764,2376.36
2015,M04,April,2015-04-01,ldr,1.3,1.2,1.71
2015,M04,April,2015-04-01,ql,2705,3028,3134.36
2015,M04,April,2015-04-01,qr,1.9,2.1,2.16
2015,M04,April,2015-04-01,hl,5196,5294,5428.18
2015,M04,April,2015-04-01,hr,3.7,3.7,3.75
2015,M04,April,2015-04-01,tsl,4944,5441,5860.18
2015,M04,April,2015-04-01,tsr,3.5,3.6,4.11
2015,M04,April,2015-04-01,jol,5598,6091,6923.91
2015,M04,April,2015-04-01,jor,3.8,4,4.52
2015,M03,March,2015-03-01,ldl,1973,1787,2759.27
2015,M03,March,2015-03-01,ldr,1.4,1.2,1.85
2015,M03,March,2015-03-01,ql,2754,3150,3193.18
2015,M03,March,2015-03-01,qr,2,2.2,2.18
2015,M03,March,2015-03-01,hl,5126,5395,5477.55
2015,M03,March,2015-03-01,hr,3.6,3.7,3.74
2015,M03,March,2015-03-01,tsl,5102,5494,6302.36
2015,M03,March,2015-03-01,tsr,3.6,3.7,4.29
2015,M03,March,2015-03-01,jol,5210,6129,6884.91
2015,M03,March,2015-03-01,jor,3.6,4.1,4.46
2015,M02,February,2015-02-01,ldl,1757,1757,1719.82
2015,M02,February,2015-02-01,ldr,1.2,1.2,1.17
2015,M02,February,2015-02-01,ql,2741,3222,3232.18
2015,M02,February,2015-02-01,qr,1.9,2.2,2.22
2015,M02,February,2015-02-01,hl,5127,5624,5575.45
2015,M02,February,2015-02-01,hr,3.6,3.8,3.82
2015,M02,February,2015-02-01,tsl,4869,5319,5295.18
2015,M02,February,2015-02-01,tsr,3.5,3.7,3.63
2015,M02,February,2015-02-01,jol,5466,6552,6862.73
2015,M02,February,2015-02-01,jor,3.7,4.2,4.44
2015,M01,January,2015-01-01,ldl,1789,1745,1725.91
2015,M01,January,2015-01-01,ldr,1.3,1.2,1.18
2015,M01,January,2015-01-01,ql,2764,3188,3187.45
2015,M01,January,2015-01-01,qr,2,2.2,2.17
2015,M01,January,2015-01-01,hl,5061,5512,5518.45
2015,M01,January,2015-01-01,hr,3.6,3.8,3.79
2015,M01,January,2015-01-01,tsl,4886,5288,5264.45
2015,M01,January,2015-01-01,tsr,3.5,3.6,3.63
2015,M01,January,2015-01-01,jol,5344,6621,6870
2015,M01,January,2015-01-01,jor,3.7,4.3,4.45
2014,M12,December,2014-12-01,ldl,1857,1786.5,1743.3
2014,M12,December,2014-12-01,ldr,1.3,1.25,1.2
2014,M12,December,2014-12-01,ql,2552,3312.5,3289.8
2014,M12,December,2014-12-01,qr,1.8,2.25,2.24
2014,M12,December,2014-12-01,hl,5192,5569,5627.2
2014,M12,December,2014-12-01,hr,3.7,3.9,3.85
2014,M12,December,2014-12-01,tsl,4827,5401.5,5382.7
2014,M12,December,2014-12-01,tsr,3.4,3.7,3.68
2014,M12,December,2014-12-01,jol,5130,6522.5,7150.8
2014,M12,December,2014-12-01,jor,3.5,4.15,4.6
2014,M11,November,2014-11-01,ldl,1726,1747,1713.64
2014,M11,November,2014-11-01,ldr,1.2,1.2,1.17
2014,M11,November,2014-11-01,ql,2600,3253,3319.09
2014,M11,November,2014-11-01,qr,1.9,2.2,2.25
2014,M11,November,2014-11-01,hl,4978,5494,5629.18
2014,M11,November,2014-11-01,hr,3.6,3.8,3.85
2014,M11,November,2014-11-01,tsl,4682,5340,5387
2014,M11,November,2014-11-01,tsr,3.3,3.6,3.66
2014,M11,November,2014-11-01,jol,4843,6875,7188
2014,M11,November,2014-11-01,jor,3.3,4.4,4.61
2014,M10,October,2014-10-01,ldl,1835,1711,1700.09
2014,M10,October,2014-10-01,ldr,1.3,1.2,1.15
2014,M10,October,2014-10-01,ql,2718,3304,3295.18
2014,M10,October,2014-10-01,qr,1.9,2.3,2.23
2014,M10,October,2014-10-01,hl,5111,5805,5660.36
2014,M10,October,2014-10-01,hr,3.7,3.8,3.85
2014,M10,October,2014-10-01,tsl,4937,5397,5346.64
2014,M10,October,2014-10-01,tsr,3.5,3.7,3.64
2014,M10,October,2014-10-01,jol,5012,6820,7195.09
2014,M10,October,2014-10-01,jor,3.5,4.6,4.64
2014,M09,September,2014-09-01,ldl,1718,1718,1699.64
2014,M09,September,2014-09-01,ldr,1.2,1.2,1.16
2014,M09,September,2014-09-01,ql,2732,3190,3278.73
2014,M09,September,2014-09-01,qr,2,2.2,2.24
2014,M09,September,2014-09-01,hl,5149,5625,5656.73
2014,M09,September,2014-09-01,hr,3.7,3.8,3.87
2014,M09,September,2014-09-01,tsl,4855,5289,5324.45
2014,M09,September,2014-09-01,tsr,3.5,3.6,3.64
2014,M09,September,2014-09-01,jol,4914,6512,7171.55
2014,M09,September,2014-09-01,jor,3.4,4.4,4.61
2014,M08,August,2014-08-01,ldl,1699,1773,1714.45
2014,M08,August,2014-08-01,ldr,1.2,1.2,1.17
2014,M08,August,2014-08-01,ql,2549,3103,3252.91
2014,M08,August,2014-08-01,qr,1.8,2.1,2.21
2014,M08,August,2014-08-01,hl,4810,5815,5632.64
2014,M08,August,2014-08-01,hr,3.5,3.8,3.85
2014,M08,August,2014-08-01,tsl,4623,5334,5319
2014,M08,August,2014-08-01,tsr,3.3,3.6,3.63
2014,M08,August,2014-08-01,jol,5349,6360,7113.55
2014,M08,August,2014-08-01,jor,3.7,4.3,4.58
2014,M07,July,2014-07-01,ldl,1781,1759,1722.45
2014,M07,July,2014-07-01,ldr,1.3,1.2,1.19
2014,M07,July,2014-07-01,ql,2633,3097,3234.18
2014,M07,July,2014-07-01,qr,1.9,2.2,2.21
2014,M07,July,2014-07-01,hl,5008,5649,5649.91
2014,M07,July,2014-07-01,hr,3.6,3.8,3.86
2014,M07,July,2014-07-01,tsl,4748,5338,5302.73
2014,M07,July,2014-07-01,tsr,3.4,3.6,3.61
2014,M07,July,2014-07-01,jol,4846,6514,7174.91
2014,M07,July,2014-07-01,jor,3.4,4.5,4.65
2014,M06,June,2014-06-01,ldl,1761,1761,1752.82
2014,M06,June,2014-06-01,ldr,1.3,1.2,1.21
2014,M06,June,2014-06-01,ql,2507,3154,3187.45
2014,M06,June,2014-06-01,qr,1.8,2.2,2.18
2014,M06,June,2014-06-01,hl,4925,5760,5759.36
2014,M06,June,2014-06-01,hr,3.5,3.8,3.95
2014,M06,June,2014-06-01,tsl,4612,5463,5292.73
2014,M06,June,2014-06-01,tsr,3.3,3.7,3.63
2014,M06,June,2014-06-01,jol,4982,6305,7010
2014,M06,June,2014-06-01,jor,3.5,4.3,4.55
2014,M05,May,2014-05-01,ldl,1710,1773,1724.91
2014,M05,May,2014-05-01,ldr,1.2,1.2,1.19
2014,M05,May,2014-05-01,ql,2483,3111,3162.64
2014,M05,May,2014-05-01,qr,1.8,2.1,2.16
2014,M05,May,2014-05-01,hl,4808,5725,5798.27
2014,M05,May,2014-05-01,hr,3.5,3.8,4.01
2014,M05,May,2014-05-01,tsl,4572,5270,5230.36
2014,M05,May,2014-05-01,tsr,3.3,3.6,3.62
2014,M05,May,2014-05-01,jol,4747,5826,6987.73
2014,M05,May,2014-05-01,jor,3.3,4,4.55
2014,M04,April,2014-04-01,ldl,1764,1764,2376.36
2014,M04,April,2014-04-01,ldr,1.3,1.2,1.71
2014,M04,April,2014-04-01,ql,2474,3028,3134.36
2014,M04,April,2014-04-01,qr,1.8,2.1,2.16
2014,M04,April,2014-04-01,hl,4880,5294,5428.18
2014,M04,April,2014-04-01,hr,3.5,3.7,3.75
2014,M04,April,2014-04-01,tsl,4597,5441,5860.18
2014,M04,April,2014-04-01,tsr,3.3,3.6,4.11
2014,M04,April,2014-04-01,jol,4566,6091,6923.91
2014,M04,April,2014-04-01,jor,3.2,4,4.52
2014,M03,March,2014-03-01,ldl,1703,1787,2759.27
2014,M03,March,2014-03-01,ldr,1.2,1.2,1.85
2014,M03,March,2014-03-01,ql,2449,3150,3193.18
2014,M03,March,2014-03-01,qr,1.8,2.2,2.18
2014,M03,March,2014-03-01,hl,4763,5395,5477.55
2014,M03,March,2014-03-01,hr,3.5,3.7,3.74
2014,M03,March,2014-03-01,tsl,4518,5494,6302.36
2014,M03,March,2014-03-01,tsr,3.3,3.7,4.29
2014,M03,March,2014-03-01,jol,4388,6129,6884.91
2014,M03,March,2014-03-01,jor,3.1,4.1,4.46
2014,M02,February,2014-02-01,ldl,1767,1757,1719.82
2014,M02,February,2014-02-01,ldr,1.3,1.2,1.17
2014,M02,February,2014-02-01,ql,2411,3222,3232.18
2014,M02,February,2014-02-01,qr,1.8,2.2,2.22
2014,M02,February,2014-02-01,hl,4696,5624,5575.45
2014,M02,February,2014-02-01,hr,3.4,3.8,3.82
2014,M02,February,2014-02-01,tsl,4549,5319,5295.18
2014,M02,February,2014-02-01,tsr,3.3,3.7,3.63
2014,M02,February,2014-02-01,jol,4373,6552,6862.73
2014,M02,February,2014-02-01,jor,3.1,4.2,4.44
2014,M01,January,2014-01-01,ldl,1806,1745,1725.91
2014,M01,January,2014-01-01,ldr,1.3,1.2,1.18
2014,M01,January,2014-01-01,ql,2311,3188,3187.45
2014,M01,January,2014-01-01,qr,1.7,2.2,2.17
2014,M01,January,2014-01-01,hl,4626,5512,5518.45
2014,M01,January,2014-01-01,hr,3.4,3.8,3.79
2014,M01,January,2014-01-01,tsl,4435,5288,5264.45
2014,M01,January,2014-01-01,tsr,3.2,3.6,3.63
2014,M01,January,2014-01-01,jol,4127,6621,6870
2014,M01,January,2014-01-01,jor,2.9,4.3,4.45
2013,M12,December,2013-12-01,ldl,1770,1786.5,1743.3
2013,M12,December,2013-12-01,ldr,1.3,1.25,1.2
2013,M12,December,2013-12-01,ql,2287,3312.5,3289.8
2013,M12,December,2013-12-01,qr,1.7,2.25,2.24
2013,M12,December,2013-12-01,hl,4614,5569,5627.2
2013,M12,December,2013-12-01,hr,3.4,3.9,3.85
2013,M12,December,2013-12-01,tsl,4392,5401.5,5382.7
2013,M12,December,2013-12-01,tsr,3.2,3.7,3.68
2013,M12,December,2013-12-01,jol,4121,6522.5,7150.8
2013,M12,December,2013-12-01,jor,2.9,4.15,4.6
2013,M11,November,2013-11-01,ldl,1630,1747,1713.64
2013,M11,November,2013-11-01,ldr,1.2,1.2,1.17
2013,M11,November,2013-11-01,ql,2391,3253,3319.09
2013,M11,November,2013-11-01,qr,1.7,2.2,2.25
2013,M11,November,2013-11-01,hl,4622,5494,5629.18
2013,M11,November,2013-11-01,hr,3.4,3.8,3.85
2013,M11,November,2013-11-01,tsl,4367,5340,5387
2013,M11,November,2013-11-01,tsr,3.2,3.6,3.66
2013,M11,November,2013-11-01,jol,4119,6875,7188
2013,M11,November,2013-11-01,jor,2.9,4.4,4.61
2013,M10,October,2013-10-01,ldl,1675,1711,1700.09
2013,M10,October,2013-10-01,ldr,1.2,1.2,1.15
2013,M10,October,2013-10-01,ql,2372,3304,3295.18
2013,M10,October,2013-10-01,qr,1.7,2.3,2.23
2013,M10,October,2013-10-01,hl,4518,5805,5660.36
2013,M10,October,2013-10-01,hr,3.3,3.8,3.85
2013,M10,October,2013-10-01,tsl,4350,5397,5346.64
2013,M10,October,2013-10-01,tsr,3.2,3.7,3.64
2013,M10,October,2013-10-01,jol,4222,6820,7195.09
2013,M10,October,2013-10-01,jor,3,4.6,4.64
2013,M09,September,2013-09-01,ldl,1892,1718,1699.64
2013,M09,September,2013-09-01,ldr,1.4,1.2,1.16
2013,M09,September,2013-09-01,ql,2302,3190,3278.73
2013,M09,September,2013-09-01,qr,1.7,2.2,2.24
2013,M09,September,2013-09-01,hl,4726,5625,5656.73
2013,M09,September,2013-09-01,hr,3.5,3.8,3.87
2013,M09,September,2013-09-01,tsl,4519,5289,5324.45
2013,M09,September,2013-09-01,tsr,3.3,3.6,3.64
2013,M09,September,2013-09-01,jol,4128,6512,7171.55
2013,M09,September,2013-09-01,jor,2.9,4.4,4.61
2013,M08,August,2013-08-01,ldl,1816,1773,1714.45
2013,M08,August,2013-08-01,ldr,1.3,1.2,1.17
2013,M08,August,2013-08-01,ql,2316,3103,3252.91
2013,M08,August,2013-08-01,qr,1.7,2.1,2.21
2013,M08,August,2013-08-01,hl,4730,5815,5632.64
2013,M08,August,2013-08-01,hr,3.5,3.8,3.85
2013,M08,August,2013-08-01,tsl,4493,5334,5319
2013,M08,August,2013-08-01,tsr,3.3,3.6,3.63
2013,M08,August,2013-08-01,jol,4085,6360,7113.55
2013,M08,August,2013-08-01,jor,2.9,4.3,4.58
2013,M07,July,2013-07-01,ldl,1713,1759,1722.45
2013,M07,July,2013-07-01,ldr,1.3,1.2,1.19
2013,M07,July,2013-07-01,ql,2363,3097,3234.18
2013,M07,July,2013-07-01,qr,1.7,2.2,2.21
2013,M07,July,2013-07-01,hl,4561,5649,5649.91
2013,M07,July,2013-07-01,hr,3.3,3.8,3.86
2013,M07,July,2013-07-01,tsl,4421,5338,5302.73
2013,M07,July,2013-07-01,tsr,3.2,3.6,3.61
2013,M07,July,2013-07-01,jol,3885,6514,7174.91
2013,M07,July,2013-07-01,jor,2.8,4.5,4.65
2013,M06,June,2013-06-01,ldl,1761,1761,1752.82
2013,M06,June,2013-06-01,ldr,1.3,1.2,1.21
2013,M06,June,2013-06-01,ql,2203,3154,3187.45
2013,M06,June,2013-06-01,qr,1.6,2.2,2.18
2013,M06,June,2013-06-01,hl,4440,5760,5759.36
2013,M06,June,2013-06-01,hr,3.3,3.8,3.95
2013,M06,June,2013-06-01,tsl,4307,5463,5292.73
2013,M06,June,2013-06-01,tsr,3.2,3.7,3.63
2013,M06,June,2013-06-01,jol,4150,6305,7010
2013,M06,June,2013-06-01,jor,3,4.3,4.55
2013,M05,May,2013-05-01,ldl,1836,1773,1724.91
2013,M05,May,2013-05-01,ldr,1.3,1.2,1.19
2013,M05,May,2013-05-01,ql,2234,3111,3162.64
2013,M05,May,2013-05-01,qr,1.6,2.1,2.16
2013,M05,May,2013-05-01,hl,4663,5725,5798.27
2013,M05,May,2013-05-01,hr,3.4,3.8,4.01
2013,M05,May,2013-05-01,tsl,4442,5270,5230.36
2013,M05,May,2013-05-01,tsr,3.3,3.6,3.62
2013,M05,May,2013-05-01,jol,4145,5826,6987.73
2013,M05,May,2013-05-01,jor,3,4,4.55
2013,M04,April,2013-04-01,ldl,1793,1764,2376.36
2013,M04,April,2013-04-01,ldr,1.3,1.2,1.71
2013,M04,April,2013-04-01,ql,2296,3028,3134.36
2013,M04,April,2013-04-01,qr,1.7,2.1,2.16
2013,M04,April,2013-04-01,hl,4572,5294,5428.18
2013,M04,April,2013-04-01,hr,3.4,3.7,3.75
2013,M04,April,2013-04-01,tsl,4422,5441,5860.18
2013,M04,April,2013-04-01,tsr,3.3,3.6,4.11
2013,M04,April,2013-04-01,jol,3988,6091,6923.91
2013,M04,April,2013-04-01,jor,2.9,4,4.52
2013,M03,March,2013-03-01,ldl,1787,1787,2759.27
2013,M03,March,2013-03-01,ldr,1.3,1.2,1.85
2013,M03,March,2013-03-01,ql,2124,3150,3193.18
2013,M03,March,2013-03-01,qr,1.6,2.2,2.18
2013,M03,March,2013-03-01,hl,4369,5395,5477.55
2013,M03,March,2013-03-01,hr,3.2,3.7,3.74
2013,M03,March,2013-03-01,tsl,4241,5494,6302.36
2013,M03,March,2013-03-01,tsr,3.1,3.7,4.29
2013,M03,March,2013-03-01,jol,4076,6129,6884.91
2013,M03,March,2013-03-01,jor,2.9,4.1,4.46
2013,M02,February,2013-02-01,ldl,1664,1757,1719.82
2013,M02,February,2013-02-01,ldr,1.2,1.2,1.17
2013,M02,February,2013-02-01,ql,2298,3222,3232.18
2013,M02,February,2013-02-01,qr,1.7,2.2,2.22
2013,M02,February,2013-02-01,hl,4571,5624,5575.45
2013,M02,February,2013-02-01,hr,3.4,3.8,3.82
2013,M02,February,2013-02-01,tsl,4293,5319,5295.18
2013,M02,February,2013-02-01,tsr,3.2,3.7,3.63
2013,M02,February,2013-02-01,jol,4004,6552,6862.73
2013,M02,February,2013-02-01,jor,2.9,4.2,4.44
2013,M01,January,2013-01-01,ldl,1678,1745,1725.91
2013,M01,January,2013-01-01,ldr,1.2,1.2,1.18
2013,M01,January,2013-01-01,ql,2280,3188,3187.45
2013,M01,January,2013-01-01,qr,1.7,2.2,2.17
2013,M01,January,2013-01-01,hl,4487,5512,5518.45
2013,M01,January,2013-01-01,hr,3.3,3.8,3.79
2013,M01,January,2013-01-01,tsl,4347,5288,5264.45
2013,M01,January,2013-01-01,tsr,3.2,3.6,3.63
2013,M01,January,2013-01-01,jol,3923,6621,6870
2013,M01,January,2013-01-01,jor,2.8,4.3,4.45
